,Username,Caption,Hastag,Likes,Comments
0,serhiclaudia,"Mengenal mu suatu keberuntungan untuk ku
Mencintai adalah hal terindah dalam hidup ku
Dicintai mu adalah anugrah untukku
Bersama mu adalah masa terbaik dalam hidup ku
Dan kau benar, Tuhan yang paling mencintai mu. Tuhan lebih mencintai mu, dia mengambil mu dari ku,  sebelum aku bisa menjadikan mu istriku. 
Yang terpenting kau sudah tau dan aku sudah tenang mengungkapkan nya pada mu,  bahwa aku sangat mencintai, menyayangi dan mengagumi mu. Adik kecil ku. Love you.",[],0,[]
1,cindihouw_,Ada mereka di dalam goresan cerita dan cinta qu ,[],212,"['', 'Asekk', '']"
2,cindihouw_,"*GIVEAWAY TIME*, yup kita bakal bagi-bagi nih kepada para customers dan para followers kita di seluruh dunia.
.
Kita bakal bagi-bagi 1 buah gamis Yang menawan dan 2 buah hijab Yang akan melengkapkan hari-harimu,Kita akan mengundi 3 orang beruntung Yang akan mendapatkan hadiah tersebut. .
Cara ikutan giveaway nya gampang banget, caranya: 
1. Follow ig @otth_co
2. Repost postingan ini dengan tag ig @otth_co
3. Tag 5 temen kalian di kolom komentar .
So gampang bangett cara ikutan nyaa, Jangann lewat kan giveaway inii 
.
Ket: - pemenang akan di undi Oleh pihak kami, dan kami akan jujur dalam proses pemilihan nya
- Pemenang akan kami umumkan di story kami,
Pada Tanggal 10 September 2019 dan Ketika sudah ada pemenang nya kami akan Dm pemenang itu dan para pemenang wajib membalas Dm kami dalam waktu 1*24 jam, bila tidak menjawab maka kami akan memilih pemenang selanjutnya - Hadiah untuk para pemenang pihak kami juga Yang akan memilih, pemenang Hanya boleh memilih ukuran nya saja
.
Terima kasihh, selamat mengikuti giveaway nyaa
#univ.indonesia
#uny
#ugm#unpad#unj#unja#ui#steitazkia#uinjakarta#lipia#unnes#unsoed","['univ.indonesia', 'uny', 'ugm', 'unpad', 'unj', 'unja', 'ui', 'steitazkia', 'uinjakarta', 'lipia', 'unnes', 'unsoed']",21,[]
3,cindihouw_,"[[ OPEN PAID PROMOTE CALCULUS CUP XI ]]
Hallo Kaka-kaka berikut Price List Photobooth kita  Kami Menyediakan Jasa Photobooth, Photostripe, Photobooth 360 atau 180 & Dokumentasi untuk Wedding, Birthday, Aqiqah, Launching, Family Gathering, Arisan & Event2 kamu! 
Jasa Photobooth dan Dokumentasi ini untuk Jabodetabek & Bandung. 
Paket Photobooth include : * free akomodasi
* unlimited shoot
* frame photo
* backdrop standart
* fun props
* camera canon
* printer photo
* crew
* all file photo (soft copy)
Untuk informasi lebih lanjut bisa whatsapp ke no : 085773189215 - Smile Photobooth
@smilephotobooth_

#photobooth #photoboothwedding #photoboothjakarta #photoboothbogor #photoboothjkt #photoboothdepok #photoboothbekasi #photoboothtangerang #photoboothmurah #photoboothbandung #photostrip #photostripsjkt #photoboothbirthdayparty #dokumentasi #photoboothreunian #photostripsjkt #photostrip
#photoboothmurah
#photobooth360 #photobooth80 #calculuscup #paidpromote #paidpromotemurah #paidpromotejakarta
#paidpromoteolshop
#paidpromote2019
#paidpromoteindo
#jasapaidpromote #PPCALC15","['photobooth', 'photoboothwedding', 'photoboothjakarta', 'photoboothbogor', 'photoboothjkt', 'photoboothdepok', 'photoboothbekasi', 'photoboothtangerang', 'photoboothmurah', 'photoboothbandung', 'photostrip', 'photostripsjkt', 'photoboothbirthdayparty', 'dokumentasi', 'photoboothreunian', 'photostripsjkt', 'photostrip', 'photoboothmurah', 'photobooth360', 'photobooth80', 'calculuscup', 'paidpromote', 'paidpromotemurah', 'paidpromotejakarta', 'paidpromoteolshop', 'paidpromote2019', 'paidpromoteindo', 'jasapaidpromote', 'ppcalc15']",18,[]
4,cindihouw_,"[[ OPEN PAID PROMOTE CALCULUS CUP XI ]]  Halo Guys!

Buat kalian yg cari kaus kaki bermotif lucu, unik dan motif tribal bisa di cek ig @gosocks.in
Bukan hanya motif-motifnya yg beragam, bahan dari kaus kaki nya pun tebal dan halus yg pastinya nyaman banget dipake buat sehari-hari loh!
Soal harga? Gausah khawatir! Harga-harganya terjangkau kok dan pastinya kita jg ada special price loh! Yuk buruan di cek ig @gosocks.in

#kaoskakimurah #kaoskakimotif #kaostribal #kaoskakijogja #kaoskakiwarna #kaoskakijakarta #kaoskakiimport #kaoskakibandung #kaoskakipolos #kaoskakipremium #premiumsocks
#calculuscup #paidpromote #paidpromotemurah #paidpromotejakarta #paidpromoteolshop
#paidpromote2019
#paidpromoteindo
#jasapaidpromote #PPCALC14","['kaoskakimurah', 'kaoskakimotif', 'kaostribal', 'kaoskakijogja', 'kaoskakiwarna', 'kaoskakijakarta', 'kaoskakiimport', 'kaoskakibandung', 'kaoskakipolos', 'kaoskakipremium', 'premiumsocks', 'calculuscup', 'paidpromote', 'paidpromotemurah', 'paidpromotejakarta', 'paidpromoteolshop', 'paidpromote2019', 'paidpromoteindo', 'jasapaidpromote', 'ppcalc14']",20,[]
5,cindihouw_,"*WARNING* *[[ 7 Days Left for Registration Calculus Cup XI UNJ  ]]* 
Presiden Calculus sekali lagi mengingatkan pemuda-pemudi untuk segera mendaftarkan tim terbaiknya di : *CALCULUS CUP XI UNJ* *CALCULUS LEAGUE*  Spesial untuk kamu mahasiswa/i pecinta kalkulus !! H-7 close registration Calculus Cup XI UNJ, udah pada daftar belum nih?? Yuk yang belum daftar segera daftarkan tim terbaikmu. Jangan sampai kamu kelewatan acara yang kece ini.

Buat kamu yang mau tau info seputar Calculus Cup XI bisa akses di link dibawah ini ya
http://bit.ly/calculuscupXIUNJ

Gimana? Menarik bangetkan? 
So, tunggu apalagi!!
Buruan daftar di 
Isi link pendaftaran kompetisi kalkulus :
http://bit.ly/kompetisiCCXIUNJ

For more information, you can ask them :
 Adam : 085717077010
 Amanda : 085695067732 
 Twitter: bit.ly/TwitterCalcup
 FB: bit.ly/FacebookCalcup
 IG: bit.ly/InstagramCalcup
 Line: bit.ly/LineCalcup
 #CalculusCupXIUNJ
#CalculusLeague
*  XI*","['calculuscupxiunj', 'calculusleague']",28,[]
6,cindihouw_,"[[ OPEN PAID PROMOTE CALCULUS CUP XI ]]  Pingin nambah followers tapi bingung dimana?
__
Kami menyediakan berbagai jenis kebutuhan sosial media. Mulai dari followers,like,komen, dll.
.
Hanya butuh username
proses Instan
order via BCA, Pulsa (+5k)
So tunggu apalagi?
Yuk buruan order.
Wa : 0813 4930 0261
Line : @060cqdsc ( pakai @) #dagelan#bikinrame#kuliner#kulinerindonesia#masakanindonesia#paidpromotebali#pilpres2019#kuliner#selebgram#artisindonesia
#paidpromoteindo #paidpromoteolshop
#paidpromotemurah #calculuscup #paidpromote #paidpromotemurah #paidpromotejakarta #paidpromoteolshop
#paidpromote2019
#paidpromoteindo
#jasapaidpromote #PPCALC13","['dagelan', 'bikinrame', 'kuliner', 'kulinerindonesia', 'masakanindonesia', 'paidpromotebali', 'pilpres2019', 'kuliner', 'selebgram', 'artisindonesia', 'paidpromoteindo', 'paidpromoteolshop', 'paidpromotemurah', 'calculuscup', 'paidpromote', 'paidpromotemurah', 'paidpromotejakarta', 'paidpromoteolshop', 'paidpromote2019', 'paidpromoteindo', 'jasapaidpromote', 'ppcalc13']",13,[]
7,cindihouw_,"[[ OPEN PAID PROMOTE CALCULUS CUP XI ]]  Kamu bingung dan nugas jadi ga nyaman karena laptop/PC bermasalah ? mau benerin tapi males jalan ke gerai servis ?

Kini Sobat Gadget hadir melayani jasa servis laptop/PC yang akan menyelesaikan semua permasalahanmu !!! Layanan Kami :
1. Install/Repair Operating System - Windows 7, 8,10 (32bit/64bit) - Linux (Ubuntu, mint, debian)
2. Install Microsoft Office 2010/2013/2016/2019
3. Install Adobe package
4. Install Aplikasi yang kamu inginkan.
5. Upgrade Laptop/PC (RAM/SSD/HDD)
6. Perbaikan Hardware (Mati total/touchpad/dll)
7. Penggantian LCD/battery/Keyboard dll.
8. Dan Lainnya .

Selain perbaikan, kita juga melayani : 
1. Pembelian Accesoris (Flashdisk, enclosure, harddisk external, dll)
2. Konsultasi teknologi  Kenapa Harus Sobat Gadget ? 
1. Harga bersahabat
2.  Gratis antar jemput device (Jakarta/Bekasi)
3.  Garansi terlama hingga 100hari
4.  Gratis Konsultasi

Yuk segera konsultasikan permasalahan laptop/PC anda  ke :
http://bit.ly/SobatGadget

Untuk info promo menarik kalian bisa pantengin
 : sobatgadgetcom
 : http://sobatgadget.com

Review terkait pelayanan Sobat Gadget kalian bisa klik https://g.co/kgs/yA8c1w

 Sobat Gadget - _Mari Selesaikan_

#calculuscup #paidpromote #paidpromotemurah #paidpromotejakarta #paidpromoteolshop
#paidpromote2019
#paidpromoteindo
#jasapaidpromote #PPCALC12","['calculuscup', 'paidpromote', 'paidpromotemurah', 'paidpromotejakarta', 'paidpromoteolshop', 'paidpromote2019', 'paidpromoteindo', 'jasapaidpromote', 'ppcalc12']",13,[]
8,cindihouw_,"[[ OPEN PAID PROMOTE CALCULUS CUP XI ]]  Mau denger lagu SP0T1FY/J00X tapi susah karena harus shuffle dan beli premium/VIP?
Mau nonton film N3TFL1X tapi ribet karena sistem pembayaran yang ribet?
Mau edit"" foto tapi belum punya filter"" subscription VSC0/UNF0LD/P1CS4RT G0LD?

Sekarang kamu ga perlu khawatir lagi karena sekarang @PusatPremium.id menyediakan segala kebutuhan digital mu! N3TFL1X PREMIUM Mulai dari 50.000 kamu sudah bisa streaming + offline mode !
SP0T1FY/J00X cuma sekali bayar(garansi selamanya) 50.000 kamu ga perlu khawatir lagi harus shuffle dan skip lagu + Offline mode
VSC0/UNF0LD/P1CS4RT G0LD semua harga mulai dari 50.000 saja kamu bisa pake selamanya !

SOLUSINYA CUMA @PusatPremium.id @PusatPremium.id @PusatPremium.id

Yuk chat skrg juga untuk produk lainnya
WA : 087787214091
Atau klik link di Bio Insta

NB : katalog lengkap chat lgsg ke whatsapp ya kak

#PusatPremiumKatalog #PusatPremiumcalculus
#calculuscup #paidpromote #paidpromotemurah #paidpromotejakarta #paidpromoteolshop
#paidpromote2019
#paidpromoteindo
#jasapaidpromote #PPCALC11p","['pusatpremiumkatalog', 'pusatpremiumcalculus', 'calculuscup', 'paidpromote', 'paidpromotemurah', 'paidpromotejakarta', 'paidpromoteolshop', 'paidpromote2019', 'paidpromoteindo', 'jasapaidpromote', 'ppcalc11p']",11,[]
9,cindihouw_,"[[ OPEN PAID PROMOTE CALCULUS CUP XI ]]  Buat kalian yang lagi nyari makeup original dan murah,kalian bisa banget nih cek instagramnya @rhaubycare karena disana banyak bgt makeup,tools,sampe skincare loh. Gratis ongkir via shopee? Bisa bangett. Free delivery untuk sekitaran anak UNJ kampus A yaa Buat kalian yang lagi nyari makeup original dan murah,kalian bisa banget nih cek instagramnya @rhaubycare karena disana banyak bgt makeup,tools,sampe skincare loh. Gratis ongkir via shopee? Bisa bangett. Free delivery untuk sekitaran anak UNJ kampus A yaa #Rhaubycare #MakeupFocallure #SkincareOriginal #MakeupBogor #MakeupJaktim #CodUNJ
#calculuscup #paidpromote #paidpromotemurah #paidpromotejakarta #paidpromoteolshop
#paidpromote2019
#paidpromoteindo
#jasapaidpromote #PPCALC10","['rhaubycare', 'makeupfocallure', 'skincareoriginal', 'makeupbogor', 'makeupjaktim', 'codunj', 'calculuscup', 'paidpromote', 'paidpromotemurah', 'paidpromotejakarta', 'paidpromoteolshop', 'paidpromote2019', 'paidpromoteindo', 'jasapaidpromote', 'ppcalc10']",20,[]
10,cindihouw_,"* Announcement * 
Presiden Calculus mengajak seluruh pemuda-pemudi negerinya untuk segera mendaftarkan tim terbaik yang kalian miliki untuk bergabung dan bersaing di : *CALCULUS CUP XI UNJ* *CALCULUS LEAGUE*  Apa aja sih yang ada di Calculus Cup itu?? Kompetisi Calculus
Syarat menjadi peserta :
http://Bit.ly/SyaratPendaftaranCCXI
Babak Penyisihan :
7 September 2019
Di masing-masing Regional
Semifinal :
22 September 2019
Kampus A Universitas Negeri Jakarta
Final
22 September 2019
Aula lantai 9 Gedung Ki Hajar Dewantara, Universitas Negeri Jakarta Pendaftaran
HTM : Rp 325.000,00 per tim
Hadiah
Juara 1 : Rp.5.000.000,00 + trophy + sertifikat
Juara 2 : Rp.3.000.000,00 + trophy + sertifikat
Juara 3 : Rp.2.000.000,00 + trophy + sertifikat

Waahhh!!! 
Menarik banget kan?  So, tunggu apalagi!!
Buruan daftar di 
Isi link pendaftaran kompetisi kalkulus :
http://bit.ly/kompetisiCCXIUNJ

For more information, you can ask them :
 Adam : 085717077010
 Amanda : 085695067732 
 Twitter: bit.ly/TwitterCalcup
 FB: bit.ly/FacebookCalcup
 IG: bit.ly/InstagramCalcup
 Line: bit.ly/LineCalcup
 #CalculusCupXIUNJ
#CalculusLeague
*  XI*","['calculuscupxiunj', 'calculusleague']",18,[]
11,cindihouw_,"[[ OPEN PAID PROMOTE CALCULUS CUP XI ]]  Lagi ngadain acara? Butuh HT biar komunikasi lancar? Solusinya ya cuma satu, ke cirapsewa aja! Menyewakan HT untuk keperluan acara kampus, sekolah dll. .
Kelebihannya apa aja kak?
1. HT berkualitas dan dijamin aman 
2. Biayanya murah, pas dikantong mahasiswa 
3. Waktu peminjaman yang fleksibel 
4. Adminnya ramah dan InsyaAllah fast respon 
.
Wajib banget kan buat nyewa di @cirapsewa ? Harga murah cuma 20K per HT dan +5K untuk tambahan headsetnya 
.
Langsung aja order di:
IG: @cirapsewa
WA: 087709997686 (Iqbal)

Solusi sewa murah? Yaa cirapsewa aja  #htbekasi #sewahtbekasi #sewahtjakarta #htjakartatimur #sewahtkampus #htberkualitas
#sewahtberkualitas
#sewaHT #calculuscup #paidpromote #paidpromotemurah #paidpromotejakarta #paidpromoteolshop
#paidpromote2019
#paidpromoteindo
#jasapaidpromote #PPCALC9","['htbekasi', 'sewahtbekasi', 'sewahtjakarta', 'htjakartatimur', 'sewahtkampus', 'htberkualitas', 'sewahtberkualitas', 'sewaht', 'calculuscup', 'paidpromote', 'paidpromotemurah', 'paidpromotejakarta', 'paidpromoteolshop', 'paidpromote2019', 'paidpromoteindo', 'jasapaidpromote', 'ppcalc9']",38,[]
12,cindihouw_,"[[ OPEN PAID PROMOTE CALCULUS CUP XI ]]  AUCTION TIME
 AUCTION TIME  AUCTION TIME 
@auctionboskuu
@auctionboskuu
@auctionboskuu
.
 AUCTION TIME 
.
HALO BOSKUU SEMUAAA...
.
KEUGGULAN TITIP LELANG DI KITA
.
 BUAT SELLER 
.
 ADMIN FAST RESPON 
 GAMPANG TITIP LELANGNYA 
 KAMI AMANAH MENJADI REKBER 
 EASY CUAN 
 KAMI MENERIMA SEGALA MACAM BARANG 
 TANPA POTONGAN BIAYAAAAAA 
.
 BUAT BUYER 
.
 ADMIN FAST RESPON 
 EASY WIN. ISI FORMAT TF DONE 
 KAMI AMANAH MENJADI REKBER 
 EASY CUAN 
 PRODUK YANG DI AMBIL JAMINAN AMAN 
 MURAH BUKAN BERARTI MURAHAN 
.
#lelang #auctionboskuu #jualstussy #jualbape #jualonline #jualtommyhilfiger #jualvans #jualuniqlo #jualhnm #jualzara #jualdw #jualgshock #jualadidas #jualnike #jualsepatu #ngakak #lucu #jualbaju #jualhoodie #jualcompass #jualassc #jualcdg #juallacoste #jualfredperry #jualmurah #jualjam #jualtopi #jualcelana #jualjbl #PPCALC8","['lelang', 'auctionboskuu', 'jualstussy', 'jualbape', 'jualonline', 'jualtommyhilfiger', 'jualvans', 'jualuniqlo', 'jualhnm', 'jualzara', 'jualdw', 'jualgshock', 'jualadidas', 'jualnike', 'jualsepatu', 'ngakak', 'lucu', 'jualbaju', 'jualhoodie', 'jualcompass', 'jualassc', 'jualcdg', 'juallacoste', 'jualfredperry', 'jualmurah', 'jualjam', 'jualtopi', 'jualcelana', 'jualjbl', 'ppcalc8']",15,[]
13,cindihouw_,"[[ OPEN PAID PROMOTE CALCULUS CUP XI ]]  FLASH SALE FORLYFE,
FREE ONGKIR IS A MUST!

Gak usah bingung cari Suplier skincare korea yang harganya MAHASISWA BANGETTTT!

Kamu bisa cek 
@naturerepublicmalang.id
@naturerepublicmalang.id
@naturerepublicmalang.id

Apalagi sekarang lagi ada FLASH SALE LHOO!
Makin murah SORO!

Jangan sampe kelewatan sale nya, karna cuma beberapa hari aja loh 

#naturerepublicmalang #naturerepublicmurah #naturerepublicsurabaya #snailtruecicamurah #scarlettmalang #scarlettmurah #scarlettoriginal #calculuscup #paidpromote #paidpromotemurah #paidpromotejakarta #paidpromoteolshop
#paidpromote2019
#paidpromoteindo
#jasapaidpromote #PPCALC7","['naturerepublicmalang', 'naturerepublicmurah', 'naturerepublicsurabaya', 'snailtruecicamurah', 'scarlettmalang', 'scarlettmurah', 'scarlettoriginal', 'calculuscup', 'paidpromote', 'paidpromotemurah', 'paidpromotejakarta', 'paidpromoteolshop', 'paidpromote2019', 'paidpromoteindo', 'jasapaidpromote', 'ppcalc7']",17,[]
14,cindihouw_,"[[ OPEN PAID PROMOTE CALCULUS CUP XI ]]  Haii queene lagi bingung cari buket buat wisuda, mau cari buket tp kemahalan? Mau bikin sendiri tp ribet ga ada waktu? kuy order di @queenequeshop dijamin murah dan bisa request sesuai keinginan  start from 35k
 order H-1
 bisa request sesuai keinginan
Jakarta timur,  matraman bisa cod,  jne  dan gojek  Terima jasa pembuatan buket snack dan bunga (bisa request semua permintaan)  pemrosesan h -1
 harga disesuaikan dengan budget
 bisa cod,  jne dan gojek

Minat? 
Order :
Line ; @cbh5145p
WA : 089529209149
Happy shopping queene

#bouqetsnack #bouqetsnackmurah #bouqetsnackjakarta #bouqetsnackjogja #bouqetsnackmalang #bouqetsnackbandung #bouqetsnackmedan #bouqetsnackjaktim #bouqetsnackmurahbanget #snackbouqet #snackbouqetmurah #snackbouqetjakarta #buketsnack #buketsnackjogja #buketsnackjakarta #buketsnackmurah #buketsnackunik #buketsnackst #buketmurah #buketsnackmurah #calculuscup #paidpromote #paidpromotemurah #paidpromotejakarta #paidpromoteolshop
#paidpromote2019
#paidpromoteindo
#jasapaidpromote #PPCALC6","['bouqetsnack', 'bouqetsnackmurah', 'bouqetsnackjakarta', 'bouqetsnackjogja', 'bouqetsnackmalang', 'bouqetsnackbandung', 'bouqetsnackmedan', 'bouqetsnackjaktim', 'bouqetsnackmurahbanget', 'snackbouqet', 'snackbouqetmurah', 'snackbouqetjakarta', 'buketsnack', 'buketsnackjogja', 'buketsnackjakarta', 'buketsnackmurah', 'buketsnackunik', 'buketsnackst', 'buketmurah', 'buketsnackmurah', 'calculuscup', 'paidpromote', 'paidpromotemurah', 'paidpromotejakarta', 'paidpromoteolshop', 'paidpromote2019', 'paidpromoteindo', 'jasapaidpromote', 'ppcalc6']",17,[]
15,cindihouw_,"[[ OPEN PAID PROMOTE CALCULUS CUP XI ]]  Banyak banget yang nanyain kak kapan ada promo gila?  kak original ga? 
Hai sahabat vintegh, kita lagi ada diskon dan promo untuk all type jam ORIGINAL, takut ga original?  jangan takut kita bisa COD langsung untuk lebih meastikan kualitas barang , dan jangan bingung untuk cari jam murah dengan kualitas 10000% original dan bergaransi resmi, dijamin harga kita lebih murah dibandingkan di toko sebelah
untuk kado ultah, kado gebetan,  kado orang tua,  kado pacar dan kado buat MANTAN, apalagj untuk kado anniversarry  sama doi kak dan buat memperkeren kalian untuk kuliah atau kerja loh.. jangan ragu check instagram kita ya kak, dan monggo ditanya-tanya karena banyak harga yg promo!! Harga Retail belum didiskon dari kita ya kak Noted: Tidak ori?  Duit kembali 100%
#jamtanganoriginal #jamtanganmurah #jamtangancouple #jamtangandw #jamtanganfossil #jamtangankeren
#jammahasiswa #calculuscup #paidpromote #paidpromotemurah #paidpromotejakarta #paidpromoteolshop
#paidpromote2019
#paidpromoteindo
#jasapaidpromote #PPCALC5","['jamtanganoriginal', 'jamtanganmurah', 'jamtangancouple', 'jamtangandw', 'jamtanganfossil', 'jamtangankeren', 'jammahasiswa', 'calculuscup', 'paidpromote', 'paidpromotemurah', 'paidpromotejakarta', 'paidpromoteolshop', 'paidpromote2019', 'paidpromoteindo', 'jasapaidpromote', 'ppcalc5']",19,[]
16,cindihouw_,"[[ OPEN PAID PROMOTE CALCULUS CUP XI ]]  Mau cari perlengkapan winter dan Travelling di@rajawintergroup aja. Kenapa? Karena
1. Produk ready stock & barang OK punya.
2. Restock every 3-5 days
3. Admin fast respon di jam 09:00 -17:00 ( tetap bisa order dalam 24 jam )
4. Tidak PO
5. Banyak Promonya

Saat ini Group Raja Winter lagi ada Double Promo Agustus 2019
Syarat & Ketentuan :

1. Wajib Follow Instagram @rajawinter & Like Postingan Ini.

2. Gratis Ongkir hingga 15rb per alamat setiap belanja minimal 2pcs dan dalam orderan terdapat produk yang sedang dalam masa promo, jika dalam orderan tidak terdapat produk yang sedang dalam masa promo maka biaya Ongkir Normal.

3. Jika ongkir membutuhkan biaya lebih dari 15rb, maka pembeli akan menanggung sisa dari biaya ongkirnya.

4. Double Promo berlaku hanya sampai tanggal 4 Agustus 2019, lewat dari tanggal 4 Agustus 2019 hanya berlaku promo Buy 1 Get 1 Free.

5. Double Promo ini berlaku hanya pemesanan melalui Whatsapp / Line

Tanya / Info
Lihat Bio Instagram@rajawinter
1. Whatsapp 0819.0677.1273
2. Line@rajawinter(pakai @) Produk :
1. Aneka kaos kaki winter
2. Aneka longjohn winter
3. Aneka coat dan jeket winter
4. Aneka aksesoris winter
5. Aneka boots winter
6. Aneka penutup kepala winter
7. Aneka penutup mulut dan telinga
8. Aneka sarung tangan winter
9. Aneka sarung tangan touchscreen
10. Dan masih banyak lagi

Pengiriman
JNE / SICEPAT / Gojek

Instagram group
@rajawinter
@farawinter 
@mallwinter

#perlengkapanmusimdingin #jualperlengkapanmusimdingin #perlengkapanwinter #promo #perlengkapantravelling #perlengkapanumroh #perlengkapanhaji #sarungtanganwinter #coatwinter #jaketwinter #musimdingin #topiwinter #bootswinter #perlengkapanmusimdinginanak #perlengkapanhiking #perlengkapannaikgunung #coatanak #coatkorea #sweaterbandung #produkwinter #bajuwinter 
#calculuscup #paidpromote #paidpromotemurah #paidpromotejakarta #paidpromoteolshop
#jasapaidpromote #PPCALC4","['perlengkapanmusimdingin', 'jualperlengkapanmusimdingin', 'perlengkapanwinter', 'promo', 'perlengkapantravelling', 'perlengkapanumroh', 'perlengkapanhaji', 'sarungtanganwinter', 'coatwinter', 'jaketwinter', 'musimdingin', 'topiwinter', 'bootswinter', 'perlengkapanmusimdinginanak', 'perlengkapanhiking', 'perlengkapannaikgunung', 'coatanak', 'coatkorea', 'sweaterbandung', 'produkwinter', 'bajuwinter', 'calculuscup', 'paidpromote', 'paidpromotemurah', 'paidpromotejakarta', 'paidpromoteolshop', 'jasapaidpromote', 'ppcalc4']",16,[]
17,cindihouw_,"[[ OPEN PAID PROMOTE CALCULUS CUP XI ]] 
.
Hai sahabat Instagram, hari gini followers/likes masih dikit? , buruan cekidot Instagram nya @brothermedia.promoday disana tempat jasa sosial media terbaik, ada jasaa followers,likes,views,subcriber, dan masih banyak lagi lainnya. Harganya pun murah meriah, prosesnya cepat , dan juga BERGARANSI , Adminnya juga fast respon dijamin gak bakal nyesel dah.

Mau tanya""/langsung order? hubungi kontak dibawah ini:
WhatsApp: 0877-6009-7899 (FAST RESPON)
Line: @bki4466p ( depannya pake @ )
.
.
#endorsemurah #followersaktif #followersindonesia #followersgratis #followersinstagram #selebgram #selebgramindonesia #selebgramhijab #remajahits #olshopmurah #olshop #olshopbandung #olshopmedan #jakarta #bandung #tangerang #depok #bogor #bekasi #paidpromote #calculuscup #paidpromotemurah #paidpromotejakarta #paidpromoteolshop
#paidpromote2019
#jasapaidpromote #PPCALC3","['endorsemurah', 'followersaktif', 'followersindonesia', 'followersgratis', 'followersinstagram', 'selebgram', 'selebgramindonesia', 'selebgramhijab', 'remajahits', 'olshopmurah', 'olshop', 'olshopbandung', 'olshopmedan', 'jakarta', 'bandung', 'tangerang', 'depok', 'bogor', 'bekasi', 'paidpromote', 'calculuscup', 'paidpromotemurah', 'paidpromotejakarta', 'paidpromoteolshop', 'paidpromote2019', 'jasapaidpromote', 'ppcalc3']",24,[]
18,cindihouw_,"[[ OPEN PAID PROMOTE CALCULUS CUP XI ]] 
Pingin nambah followers tapi bingung dimana?
__
Kami menyediakan berbagai jenis kebutuhan sosial media. Mulai dari followers,like,komen, dll.
.
 Hanya butuh username
proses Instan
 order via BCA, Pulsa (+5k)
So tunggu apalagi?
Yuk buruan order.
Wa : 0812 5320 1568
Line : @ssk8099o ( pakai @) #dagelan#bikinrame#kuliner#kulinerindonesia#masakanindonesia#paidpromotebali#pilpres2019#kuliner#selebgram#artisindonesia
#paidpromoteindo #paidpromoteolshop
#paidpromotemurah #calculuscup #paidpromote #paidpromotejakarta #paidpromoteolshop
#paidpromote2019
#paidpromoteindo
#jasapaidpromote #PPCALC2","['dagelan', 'bikinrame', 'kuliner', 'kulinerindonesia', 'masakanindonesia', 'paidpromotebali', 'pilpres2019', 'kuliner', 'selebgram', 'artisindonesia', 'paidpromoteindo', 'paidpromoteolshop', 'paidpromotemurah', 'calculuscup', 'paidpromote', 'paidpromotejakarta', 'paidpromoteolshop', 'paidpromote2019', 'paidpromoteindo', 'jasapaidpromote', 'ppcalc2']",23,[]
19,cindihouw_,"[[ OPEN PAID PROMOTE CALCULUS CUP XI ]]  @CONYLINE_APP @CONYLINE_APP , APPLIKASI BEST SELLER UNTUK ANDROID DAN IOS! 
.
 SPOTIFY PREMIUM LIFETIME RP 20.000 .
 LIGHTROOM FULLPACK ANDRO 15.000.
 JOOX VIP LIFETIME RP 10.000 .
 LINE PREMIUM ANDROID RP 10.000 .
 UNFOLD FULLPACK RP 10.000 .
 INSTAGRAM PREMIUM RP 10.000 .
 VSCO X ANDROID RP 10.000 .
 INSHOT FULLPACK ANDROID 15.000 .
 VSCO FULL PACK RP 5.000 .
 AFTERLIGHT FULL PACK RP 10.000 .
 PICSART FULL PACK RP 10.000 .
DLL!!! .
.
IG : @CONYLINE_APP
LINE ID : @zvk8158d .
WA : 0899.789.1236 .
.
#PPCONYCALC1 #calculuscup #paidpromote #paidpromotemurah #paidpromotejakarta #paidpromoteolshop
#paidpromote2019
#paidpromoteindo
#jasapaidpromote","['ppconycalc1', 'calculuscup', 'paidpromote', 'paidpromotemurah', 'paidpromotejakarta', 'paidpromoteolshop', 'paidpromote2019', 'paidpromoteindo', 'jasapaidpromote']",22,[]
20,cindihouw_,"[[ OPEN PAID PROMOTE CALCULUS CUP XI ]] Hey peeps !!
Mau bisnis kamu semakin eksis tapi bingung mau promosiin ke mana?
Belum lagi harganya mahal ??
Ini dia solusinya!! Kami selaku panitia dari CALCULUS CUP XI membuka paid promote harga terjangkau dengan
80+ akun aktif
45k+ followers aktif Dengan daftar paketan sbb  Paket Diferensial
 1x post (maks 1 foto)
 1x story
 keep 1 hari
15k Paket Median
1x post (maks 1 foto)
2x story
keep 3 hari
25k Paket Integral
2x post (maks 3 foto)
2x story
keep 5 hari
45 k Paket Sigma
1x post (maks 5 foto)
2x story
1x video story
keep 5 hari
55k Paket ter-Pisah
1x Story
10k
1x Video Story
15k

So, tunggu apalagi ?
Segera hubungi
Nabilah 
Line : nabilahazzh
Wa : 085795591471
Ramiz 
Line : fachryalreal_7
Wa : 082113143114

#calculuscup #paidpromote #paidpromotemurah #paidpromotejakarta
#paidpromoteolshop
#paidpromote2019
#paidpromoteindo
#jasapaidpromote","['calculuscup', 'paidpromote', 'paidpromotemurah', 'paidpromotejakarta', 'paidpromoteolshop', 'paidpromote2019', 'paidpromoteindo', 'jasapaidpromote']",46,[]
21,cindihouw_,"Barakah adalah bertambahnya kebaikan dalam tiap kejadian yang kita alami waktu demi waktu.  Ketika Allah mencintai hambaNya,  maka ia berkenan membuat hati sang hamba begitu peka.  Saat ditenggelamkan dalam lautan nikmat, sang hamba peka untuk segera mengenakan alat selamnya.  Ia peka.  Hatinya berhubungan melihat indahnya berbagai rerupa,  namun tak pernah melalaikan satu kata.  Syukur. Lain sisi,  Allah juga mengasah agar sang hamba peka,  di saat gelombang musibah bertubi-tubi menghantam dan badai melantakkan apa yang dia punya  dia tak melupakan satu kata.  Sabar.  Ia menapaki jalan-jalan Sulaiman,  sekaligus juga menyusuri pematang-pematang Ayyub As. -SalimAFillah-
 : dari picsart",[],135,['']
22,cindihouw_,"Dan hendaklah takut kepada Allah orang-orang yang seandainya meninggalkan dibelakang mereka anak-anak yang lemah, yang mereka khawatir terhadap (kesejahteraan) mereka. oleh sebab itu hendaklah mereka bertakwa kepada Allah dan hendaklah mereka mengucapkan Perkataan yang benar (QS. An-Nisa' : 9)
----------------------------------------------------
Rabu,  27 Maret 2019 PKMF MIPA 1 sudah selesai dilaksanakan di GDS lt. 10.. Penasaran ga sama kegiatannya, yuk mampir gengs
 bit.ly/FieldReportPKMF
.
Ada juga nieh resume alias rangkuman singkat dari buku Risalah Pergerakan Mahasiswa pada bab 'Manajemen Aksi Pergerakan Mahasiswa' dilink bawah ini
... bit.ly/PKMFResumeBuku .
Link juga tersedia di bio qu ya 
.
#PKMFMIPA2019
#FMIPAMelesat
#IntegritasTanpaBatas","['pkmfmipa2019', 'fmipamelesat', 'integritastanpabatas']",130,"['Smangattt', 'Lirik lagu bongkar yaa', 'Kereen ']"
23,cindihouw_,"Pendangar setia yang sering sekali ngeselin, hehe.. Tapi always sayang yaa kak.. ",[],214,"['Ketempat nya Ka Ajeng dan Donny ya', '@2minutes_nowrinkle']"
24,cindihouw_,"Karena tidak ada yang namanya kebetulan.. Sengaja oleh Allah, kami dipertemukan di FASILKOM UI hehe.. bertemu karena sama-sama berjuang untuk meraih impian kita.. Dan Allah berkehendak lain, pasti ini adalah yang terbaik buat kita.. Ini adalah foto keunixan kitaa haha.. Keep spirit, keep hamasah gengs.. Kita jaga terus ikatan cinta ini eaa  lophloph
Ditunggu proker ke-4 #karenafotobuatdiupload",['karenafotobuatdiupload'],270,"['Sampai bertemu di dufan bebbb', 'Lucunyaa', 'UwU bgtttt', 'Mana si Aquila?', '']"
25,cindihouw_,"_Assalamu'alaykum Warahmatullahi Wabarakatuh_ Halo Teman-teman mahasiswa Kampus Pergerakan Intelektual

_""Mencintai artinya berbagi kebahagiaan demi kebahagiaan orang yang kita cintai.""_  *Gottfried Wilhelm von Leibniz* PKMPB 2018 mempersembahkan
 *BAKTI SOSIAL PKMPB 2018*  ```Care Each Other (CEO)``` Yang akan diselenggarakan pada :
 : Minggu, 9 Desember 2018
 : 09.30 s.d 12.00  : Yayasan Bhakti Nurul Jannah Almuthahir, Perumnas Klender ```Care Each Other!
Yuk Mari Kita Berbagi Sesama!``` Teman-teman ingin ikut berpartisipasi?? Tapi.... Tidak tahu bagaimana caranya?
Tenang....
Teman-teman bisa kok berpartisipasi di acara ini dengan cara menyisihkan sedikit rezekinya berupa :
- *Uang Tunai*
- *Sembako*
- *Pakaian*
- *Alat Tulis*

Untuk donasi uang dapat juga dikirimkan ke :
 BTN 00410-01-61-000601-5
*a/n Syifa Azzahra*

Konfirmasi :
 089506544179 *(Syifa Azzahra)* ```Yuk di segerakan```
Karena batas terakhir pengumpulan donasi tanggal *7 Desember 2018*   Informasi lebih lanjut 
085788165971 *(Naufal)*
083818569854 *(Elma)*

#CareEachOther
#MatematikaBerbagi
#BaksosPKMPB2018

 *HPD BAKSOS PKMPB 2018*","['careeachother', 'matematikaberbagi', 'baksospkmpb2018']",92,[]
26,cindihouw_,"Kalo kata anisa, katanya amanah itu gapernah salah dalam memilih pundak. Emang iya?
Kalo kata rifan saranghae
Kata awan orang-orang kurang jelas
Kalo kata frika tetap kompak selalu
Kalo kata @cinditrifs_  Hamasah oll heheu ",[],260,"['Keknya gue doang yang kagak upload ye', 'Emg gue ikut ?? ', 'SARANGHAEEE', 'Tempat dulu saya pkmp masaaaaa wkwkw', ""Termos lu kapan dibalikinnya :')"", 'Salam kenal kak hehe likeback dan follback ya  cinditrifs_']"
27,cindihouw_,"
katanya,, Tidak ada yang membuat Bumi ini nampak luas selain memiliki teman di kejauhan; merekalah yang menciptakan bujur dan lintang.   Henry David Thoreau
Sukasukasuka
18/11/18",[],224,['Follback ya kak']
28,cindihouw_,"Saya siap hadir dan mensukseskan Festival Beasiswa Nusantara pada tanggal 24-25 November 2018 di Gedung DPR/MPR/DPR RI

Yuk ikut berpartisipasi dalam acara tersebut @candadfs  @sitiazizah1740 @fridaseftyani @zakiyahhamidah @123_novitasari 
Kolaborasi @big.indonesia bekerjasama dengan @dpdri @asosiasidosenindonesia @forumrektorindo 
#pestabeasiswa #jemputbeasiswa #festivalbeasiswanusantara #bigindonesia","['pestabeasiswa', 'jemputbeasiswa', 'festivalbeasiswanusantara', 'bigindonesia']",185,"['Ngeri banget dong cindi wkwk', 'itu fotonya dimana ka wkwkwk', 'Ini acara apa kak', 'Ini acara apa kak', 'Ini acara apa kak', 'Ini acara apa kak']"
29,cindihouw_,"Assalamualaikum.. Alhamdulillah telah selesai rangkaian acara pada pra-2 PKMPB se-Matematika pada 3 November 2018. 
Bisa juga ceritanya di liat di link inii 
https://cinditrifs.blogspot.com/2018/11/pra-2-pkmpb-se-matematika.html

Lebih mudahnya cek di bio yaw 
#PKMPBMatematikaOnFire #MembentukIkatan #AktifkanGerakan #UntukMatematikaYangBeretika 
@pkmpilkomunj18","['pkmpbmatematikaonfire', 'membentukikatan', 'aktifkangerakan', 'untukmatematikayangberetika']",151,[]
30,cindihouw_,"Assalamualaikum freenz.  Alhamdulillah hari ini disibukkan dengan hal kebaikan 
Telah selesai kegiatan Pra 1 PKMPB se-Matematika, Minggu, 28 Oktober 2018.
Banyak ilmu, cerita, pengalaman dan pelajaran yang telah didapatkan.. And,, jangan lupa baca jg ya 
https://bit.ly/2qf2eyY

Lebih mudahnya ada di bio
#MembentukIkatan #AktifkanGerakan #UntukMatematikaYangBeretika
#PKMPBMatematikaOnFire 
@pkmpilkomunj18","['membentukikatan', 'aktifkangerakan', 'untukmatematikayangberetika', 'pkmpbmatematikaonfire']",152,['Alhamdulillah..']
31,cindihouw_,"[FIELD REPORT]
Assalamualaikum,  saya Cindi Tri F dari prodi Ilmu Komputer, Universitas Negeri Jakarta. Briefing PKMPB se-Matematika adalah salah satu rangkaian acara sebelum menuju ke acara inti PKMPB se-Matematika. Briefing telah dilaksanakan pada 17 Oktober 2018 di Aula Daksinapati. 
Acara ini dimulai dengan presensi dan pengecekan atribut,  pembukaan, sambutan 3 ketua BEMP, ice breaking,  materi 1 (PKM), ishoma,  materi 2 (Sekben), kumpul bareng kelompok, evaluasi dan terakhir penutupan. .
Untuk tau lengkapnyaa, visit link ini 
http://cinditrifs.blogspot.com/2018/10/briefing-pkmpb-matematika-2018.html?m=1

Lebih mudahnyaa cek di bio yaa.. #MembentukIkatan #AktifkanGerakan #UntukMatematikaYangBeretika
#PKMPBMatematikaOnFire 
@pkmpilkomunj18","['membentukikatan', 'aktifkangerakan', 'untukmatematikayangberetika', 'pkmpbmatematikaonfire']",159,[]
32,cindihouw_,See you yaa ,[],218,"['See you next again dek  @cinditrifs_', 'Ayoo tukeran sama baju AG wkwkwk']"
33,cindihouw_,"Hai temen-temen instagram. Kalian pasti udah pada tau dong nyamuk itu apa?
Ya, nyamuk itu hewan yang mengganggu manusia. Kalian pasti ngerasa ke ganggu banget kan sama nyamuk. Apalagi kalo lagi tidur terus digigit nyamuk itu rasanya ku ingin marah melampiaskan tapi ku hanyalah sendiri disini .... hayo pada nyanyi yaa wkwkwk. Ya balik lagi, kesel kan kalo lagi tidur di ganggu nyamuk. Nah ini ada solusinya nih buat kalian. Yukkk ditonton
Happy watching guys!

@pkkmbfmipaunj 
@anssdo_ 
@riringustini 
@morizta_ 
@diazrafly 
@inoichiz 
@hayaaqilla
@intanwidorekno 
@jifadhiljihan 
@finaalfh 
@nanput4 
@shofwah_l
@sonyoside407 
#pkkmb2018 
#penggerakperadaban 
#beraniberkarya 
#bermanfaat 
#baktikuuntukindonesiamaju","['pkkmb2018', 'penggerakperadaban', 'beraniberkarya', 'bermanfaat', 'baktikuuntukindonesiamaju']",146,['Ganggu balik aja kalo diganggu cinn']
34,cindihouw_,"Bismillah.. Open PO
[22 Agustus 2018-29 Agustus 2018]

Khimar Segiempat Polos

Suka dengan Khimar Segiempat Polos untuk aktivitas harianmu?
Suka tampil sederhana, sopan dan syar'i?
.
Yuuk... pakai Khimar Segiempat Polos 
Tampil sederhana, sopan dan syar'i dalam keseharian 
.
Jilbab Segiempat Polos ini selalu menjadi favorite karena:
.
- Ukurannya panjang
- Tebal namun tetap ringan
- Tidak menerawang
- Lembut
- Mudah dibentuk dan diatur (walau tanpa ciput topi)
- Tidak licin
- Tidak membentuk lekuk tubuh
- Banyak pilihan warna
.
Cocokin yuk dengan gamis polos atau motifmu dirumah!
.
.
Harga Spesial Hanya Rp. 60.000 
.
.
Keterangan:
.
- Material wolfis/woolpeach
- Tepi kain dineci rapi
- Berat +- 240 gram
- Banyak pilihan warna
.
Lalu bagaimana cara pesannya? Cara pesannya mudah, ukhti tinggal hubungi kami via Whatsapp di 087881711978 (Canda) atau DM akun @candadfs /@cinditrifs_
.
Terima kasih 
.
Bahagia Dengan Kesederhanaan
.
.
--
#kerudungwolfis #khimar  #kerudungsegiempat #kerudungsegiempatwolfis #hijabsyari #khimarwolfis #khimarsegiempatwolfis #hijabwolfis #hijabsegiempatsyari #khimarsegiempat #jilbabwolfis #hijabsegiempat #hijabsegiempatwolfis #jilbabsegiempatsyari #kerudungsyari #wolfis #khimarsyari #jilbabsegiempatwolfis #kerudung #jilbab #kerudungsegiempatwolfis #jilbabsegiempat #jilbabsyari #khimarsegiempatsyari #kerudungsegiempatsyari #hijab #segiempatpolos #segiempatwolfis #albassammuslimfashion #wolfis","['kerudungwolfis', 'khimar', 'kerudungsegiempat', 'kerudungsegiempatwolfis', 'hijabsyari', 'khimarwolfis', 'khimarsegiempatwolfis', 'hijabwolfis', 'hijabsegiempatsyari', 'khimarsegiempat', 'jilbabwolfis', 'hijabsegiempat', 'hijabsegiempatwolfis', 'jilbabsegiempatsyari', 'kerudungsyari', 'wolfis', 'khimarsyari', 'jilbabsegiempatwolfis', 'kerudung', 'jilbab', 'kerudungsegiempatwolfis', 'jilbabsegiempat', 'jilbabsyari', 'khimarsegiempatsyari', 'kerudungsegiempatsyari', 'hijab', 'segiempatpolos', 'segiempatwolfis', 'albassammuslimfashion', 'wolfis']",96,"['Iya iya iya', 'Di order dong sis @lolatris']"
35,cindihouw_,"Percaya deh,, kita gak pernah berantem.. wlee  @candadfs",[],225,"['Ada 4?????!!', 'Tetep aja cin, gua kalo ngeliat lu selalu pengen ketawa HAHA']"
36,cindihouw_,"[GENERAL TRAINING/GT] 
Jadi PJ kelas itu menyenangkaaan gengz :) Selama 7 hari berturut2 ketemu dengan orang-orang baru. Nunggu sertifikat sama adzan magrib yang akhirnya bisa buat kita foto bareng. .
Mereka selalu nanyaa, kak kapan sertifikat? Jangan kayaknya dong kaa 
Padahal udh dibilang lgi diusahain biar selesai semuaa, tp tetep aja mereka malah nanya mulu wkwkw..
.
Semua orang disana pada nyesel karena manggil gua kak setelah mereka tau gua baru lulus SMA :) dan akhirnya mereka manggil gua dengan kata dek cin dedek kita ahilaahh lucu bangett.. satu lagi, katanya mereka pengen nge-ospek gua heheu.. mereka nyuruh gua kuliah di jogja, malang, dll. Tapikan gua udh sbm yee.. Dan akhirnya di tiap akhir perpisahan mereka ngucapin doa buat gua biar lolos sbm dan dpt ptn/ptk. Makasih, makasih banyakkk kakak-kakak semuaa.. Banyak-banyak banget kenangannya.
.
Oiyaa, ketemu sama pemateri2 yang luar bisa profesionalnya. Tapi gua cmn minta foto sama pak BG doang :( .
Di akhir jadi pj kelas ini, bahagia plus haru asli wkwkw
Gua dibilang lebay sama kak rubenanthe katanya inget dunia ini sempit, pasti bakalan ketemu lagi, iyee gak?
.
Terimakasih semua atas kebersamaan kita. Pj kelas admin meskipun gua baru kenal pas diclosing acara heheu. Sangat berkesan seriusss . 
Satu lagi deng, pas pulang GT ini, gua ampe ketiduran di TJ sampe pemberhentian terakhir wkwkwk. Akhirnya dijemput ama sitiazizaho lola, grgr mereka turun duluan dan galiat gua tidur wkwkwk
ALHAMDULILLAH (99x) satu kata penuh makna yang bisa ngegambarin hati guaaa 
Loveeee 
#asiangames2018 #energyofasia","['asiangames2018', 'energyofasia']",194,"['Hmm gituu', 'ditunggu novel ke-2 nya', 'Besok baksos lu baca puisi ya. Makasih.', 'haha']"
37,cindihouw_,"Aku belajar kepada mereka tentang yang namanya semangat. Ku rasa, api semangat selalu menyala dalam diri mereka Cinditrifs-18 y.o 
Wkwkwk
Intinyaa gua sayang  Ditunggu reuniannyaa pake almet masing-masing ",[],178,"['', 'mau punya kulit putih, bersih dan sehat ??? udah cek blom kulitnya, hehe', 'Oiya btar lg mau bln Ramadhan ya.. Trus Lebaran dehh.. Kita sediain pemutih seluruh tubuh dan harganya murah loh. Yuuk diorder :)', '', '', 'wehh dikomen kak faba  @fabashafira', 'Waaaa ', 'Lah itu pinggir kanan kaya sodara gw si fahmi', '@fahmi.ki lah amii lu bisa kenal @cinditrifs_ dari mana? Wkwkwkkk', 'Waahh sodara lu al wkwkwk @alyanabl @fahmi.ki  sempit sekali ya dunia ahaha']"
38,cindihouw_,"Artocarpus altissimus (Mio)
|J.J.Sm.var|
[Morac]
-Japan-
""gede bat pohon""",[],145,[]
39,cindihouw_,"
17/08/2017",[],174,['Tidur cin wkwkw']
40,cindihouw_,"terimakasih karena Engkau telah mempertemukan ku dengan mereka... menyatukan kami semua, dalam ikatan penuh cinta, ikatan dalam menggapai cinta-Mu, ikatan yang katanya ikatan ukhuwah inii  memang disetiap pertemuan pasti akan ada perpisahan, entah aku atau mereka yang akan pergi atau tinggal. 
tapi ijinkanlah kami untuk tetap bersama dalam ikatan ini..  #AkhwatVarokah #IOS'27 #yukliqo","['akhwatvarokah', 'ios', 'yukliqo']",149,"['FIRST YEAYY', 'Iiiihhhhhhhh ', 'Alay wkwk', 'jadi sukak @alyaahisan // alay tapi cinta kan @sitiazizah1740', 'Btw captionnya ngena yaa :"" ... Gimana kemaren kata @wnmelani9  Kalo kita udah punya rumah,kita beli rumah satu komplek biar bisa liqo lagii :""', 'maaf aja al, itu kata kata gua :( @alyaahisan', 'Oalaaah kata2 lu oke gua ulang yakk wkwkw', 'Kalo kata @cinditrifs_  Nanti klo kita punya rumah beli rumahnya yg sekomplek biar bisa liqo bareng lagi', 'wwkwkwkkw gpp gua ikhlasss @alyaahisan', 'Gua lupa lupa inget cindaay wkwkw', 'Ih sedih bat kalo dihayatin dalem2 mah.. @alyaahisan @cinditrifs_', 'Nih gua inget cin', '#serohis3tahun', ""Lu bilang gini 'kita ga sekelas 3 tahun ya,tapi kita serohis 3 tahun' noh inget kan gua wkwkwk"", 'oiya #serohis3tahun wkwkwk ngakak sendiri astagah @sitiazizah1740', 'unchhhh ', 'serohis 3 tahun siapa yg nyetusin dah, lupa guaaa @alyaahisan @sitiazizah1740', ""Aaaaaa terharu:'3"", 'Serohis 3 tahun aku yg mencetuskan ;) @cinditrifs_', 'hah apaan @candadfs', 'Tetep kesel gua sama yg teriak-,-', 'Gua salah mulu dah ah @cinditrifs_  @sitiazizah1740', ':) @mirdew', 'KOK GUA NGAKAK SII SOAL YG TERIAK WKWKWKW', 'wkwkek coba ada yg ngerekam', 'Kocag sumpah gua liat yg teriak itu dapa,terus canda ama samping nya siapa itu teriak juga jadinya nah si dede lariii menjauh dari icaa wkwkw terus gua jadi ikut panik ke kak firda ', 'semua salah @dafulll', 'Penakut bat lagian dia  paling penakut paling heboh', 'Gua baca komenya aja ngakak (?)', 'KO GUAA SI! gua kan yg paling beraniiiiiii ish', 'kerenn kan kita yuhuuu @sucisetr', 'alhamdulillah kaaa  @sucisetr', 'Aamiin Ya Allah aamiin  ... Gua tau nihh lu pada emg gabisa jauh"" dari guaaa  @sitiazizah1740 @cinditrifs_ @alyaahisan @dafaaulia_ @tasyarifkadong @candadfs @mirdew', 'SUBHANALLAH GEER BAT SI LU MENG  wkwkwk @wnmelani9', 'kok tau siiii mengg ahhh @wnmelani9', 'Gua ketularan si @dafaaulia_ keknya al  emang dasar sii lu dap :v @alyaahisan ... Ihhh tuhh kan gua benerrr cin  @cinditrifs_', 'Lu joged al tapi ala sarimin  WKWKWKWK  @alyaahisan', 'Cin maapin bat nih yaa gua spam  tapi lu seneng kan yg comment banyak  @cinditrifs_', 'wkwkwk ala sarimin. padahal dia gak salah apa2, tapi dibawa2. astagfirullah :"" @wnmelani9']"
41,cindihouw_,"natural Mt.Singgalang
#explorepadang",['explorepadang'],138,[]
42,cindihouw_, W E L C O M E   15/07/2017,[],151,"['Ihh mauuu cinn potonyaaa ', 'cek grup meng @wnmelani9', 'Iii gaada aku :""', ""luuu ga dtg siii :'( @alyaahisan""]"
43,cindihouw_,#RohisDKIJakartaBergerak #RohisCintaNKRI #RohisAntiTeroris #RohisAntiAnarkis,"['rohisdkijakartabergerak', 'rohiscintankri', 'rohisantiteroris', 'rohisantianarkis']",147,[]
44,cindihouw_,"sudah setahun,, walaupun gak full, maaf kan atas kekurangan dan kesalahan diri ini  wkwkw ",[],161,"['PJ keputrian ya kak?', 'Wihihi ', '@aliyah_hakim  iyaa apai', '@pokantasreceh ', 'ga dimaafin aahh', 'Oiya apai ya wkwkw @cinditrifs_', '@alika.najma uncchhhh  //@aliyah_hakim  iyaa ', 'Sayang deh @cinditrifs_', 'Uuu cindii jadi kangen (`)~ ']"
45,cindihouw_,latepost 27/04/2017,[],164,"['Wkwkwkwk', 'Sitjong doang emang', 'Emang pas liat apa sih kok gw bisa gak ketawa ?']"
46,cindihouw_,"Hallo semua!! Saya Cindi Tri Fitikasari bersama Dinoku, dan kami siap menjadi penerus perjuangan emansipasi wanita indonesia di acara KADO LIVAN (kartini day of livan) 2017.",[],174,"['""Bersama dinoku"" hahaha Wkwkwkww', 'Soiye']"
47,cindihouw_,candid nya rohis :),[],144,"['Eleh', 'uww dikomen sii @devinakhairunisa']"
48,cindihouw_,"awal yang baik.. bismillah 
 6/01/2017",[],151,"['', 'cekrek by  : @anggadhika14', 'Gimna say acaranya? @cinditrifs_', 'alhamdulillah lancar kakk.. seru hehehe @jewel.184', 'Alhamdulillah ^^ .. dtunggu acara selanjutnya yaa @cinditrifs_', 'okeee kak  @jewel.184']"
49,cindihouw_,"
#rohis9",['rohis9'],122,"[""Kaya kenal laptopnya '-'"", ""kayak kenal yang komen '-'"", 'Ka follback']"
50,cindihouw_,bedaaa ,[],126,"['follback ya cindi', 'flbck']"
51,cindihouw_,"my trip my adventure 
ps : ini my mom yg ngambil, jadii.... 
19/11/2016",[],73,[]
52,cindihouw_,"sayang 
 12/11/2016",[],119,"['Uuuu', 'what? @mtshmm', '@mtshmm like ajaa duluu', 'Follback']"
53,cindihouw_,"Semoga tetap istiqomah 
#PE2016 #rohis58
 5/11/2016","['pe2016', 'rohis58']",133,"['aamiin.. doa in trs ya kak cindi', 'iyaa kak suci ', 'Follback']"
54,cindihouw_,"LDK Rohis 9 Jakarta 
16/10/2016",[],104,"['-__-', 'Kak follback', 'Follback kak']"
55,cindihouw_,"ga sampe di sini kan yaaa 
 10/10/2016",[],105,['follback ya']
56,cindihouw_,"Happy family, insyaAllah Aamiin  5/10/2016",[],109,"['*insyaAllah', 'oiyaa typo wkwk', 'Happy graduation uni', 'terimakasii adin ', 'Follback yaa']"
57,cindihouw_,"Kami generasi emas yang berkualitas
""totalitas bukan formalitas"" 
terimakasih kang Zein 
 24/09/2016",[],96,"['Harusnya aku adaaa ', 'Terus ?', '@luqman48 maksudnya kak?', 'Maksudnya ke @arifahkha  cin', 'follback?', 'follback kak @cinditrifs_', 'Itu foto sendiri kak?kok bisa bagus banget fotonya.. Cek IG kami ya kak biar fotonya tambah bagus.. ']"
58,cindihouw_,foto terbaik inii ,[],98,"['@andreas_putratama ngangkang wkwk . Love you cin @cinditrifs_', 'love yu to maa muahh ', 'gaada aku:(', 'telat seeh @savira.nm', 'Follback cin', 'Follback k @cinditrifs_', 'follback ka', 'Fbck kak']"
59,cindihouw_,"seelah kepisah, baru kerasa,, bahagianya ketemu merekaaa  
big love  Solo's 9
#58stayhigh
 5/8/2016",['58stayhigh'],99,[]
60,cindihouw_,Ipin-Kak Ros-Upin ,[],94,"['Opah lah itu yg tengah @sucitrian @cinditrifs_', 'Aku jd mei mei ya cinnn @cinditrifs_', 'Flbck kaa', 'fllbck ig kita ka cindi', 'wkwkwk jadi atuk ajaa kak @arindwimivanusa // leehleh @shafarns // udahh yaaa  @spider_58_19 @aprilliatrisnawaty', 'Follback ka cindii']"
61,cindihouw_," cekrek

#re-post",['re'],88,"['kameranya shidnan-,-""', 'bukan kak,, shidnan juga minjem ituu wkakwkwk :v @andrermnd', 'Eh btw kita udh maaf2an(?)', 'hmmm,, belom kayaknya kak  maap lahir batin kak.. wkwkwk @andrermnd @candadfs', 'minta maaf jugalah kak sama saya, ngatain saya gendut  wkwkw ', 'Oh yaudah minal aidin, maaf dzahir bathin. Yg gendut bukannya canda ya(?)', 'kebaliikk kak wkwk @andrermnd', 'hft-,-""', 'okey @candadfs maafin kaka juga, td bercanda kok. Kalian kan bukan kembar identik jd gampang bedainnya.', 'wkwkk ', 'Followback kaaa ', 'Follback ka cinnn', 'Follback cin', 'Followback ya']"
62,__dhdhe,"[Opini]
Islam di dunia. Ada apa dengan dunia ini?  Ada apa dengan Indonesia ku ini. Saya sebagai anak muda masih belum begitu paham apa yang benar dan apa yang salah. Masih belom sadar mana yang hasan dan yang zholim. Saya menerima informasi yang berbeda, ya terdapat dua sisi. Dan saya terlalu sering mendapat informasi yang bisa dibilang condong ke sayap kanan. Misalnya,  menolak RUU PKS, menolak bahwa bendera hitam itu tidak berarti orang HTI,  setuju bahwa orang islam saat ini sedang  uji.  Seperti di India, bahkan di negara Indonesia ini yang mayoritas orang islam. Mendengar cerita masyarakat muslim terlebih lg muslimah di Ughyur yang menyesakkan dada,  dan takut akan menimpa di Indonesia. Dunia berubah tiap harinya.  Tiap berganti program atau kebijakan,  suara pemimpin dan orang-orang diatas didengar,  tanpa mendengar jeritan orang-orang dibawah.  Pentingkah suara kami sebenarnya? Seperti itu,  hanya contoh.",[],0,[]
63,zaidanprtm,"After school #handstand #parkour #parkourindonesia #vaulting

@parkourindonesia @ahmdhariss","['handstand', 'parkour', 'parkourindonesia', 'vaulting']",107,"['Tjiah', 'serem kaka', 'iya tau', 'Kaka siapa nay? @masayudinahya', 'Pas udah abis rapat ini @nikenurfitaa @febriannadk', 'sok sokan', 'Blm ae jatoh pak', '  ', '0 to ', 'HAH DEMI APA', 'ada apa wul? @wulanhpsri // jatoh hati pak @ptriciairene // cr to the @aca_awadhivan @qyarez wkwk', 'Sixpacknya tutupin zai', 'wow', 'turn back,do flip', 'kok bisa si', 'ajarin dund', 'jimayu @qyarez // ehehehe @tabitharnl', 'ler', 'Congkak', '', '^ciye dikomen siape tu zai. artis', '^ ciye dikomen siape tu zai. artis (2)', 'porno ih keliatan', 'instruktur yoga luar negeri @qyarez', 'Hasil edukasi ppg olahraga?', 'Sedikit @ndapee', 'Sadisslahhh', 'Calon2 yoga nih', 'Kaya tiang', 'g man g @amanda.normanita // ehehe @vaniaoctora', 'kaka yang ituuu zaaii WKWKW', 'b aja ketawanya sii @masayudinahya', 'sick', 'kecengklak aje', 'Fllbck dan', 'Flbck kak', 'Polbk k', 'Gausa pamer perut da bang jai kea bagus aja ;(', 'terserah~@kazizah', 'Followback']"
64,maulanaham_,"After school #handstand #parkour #parkourindonesia #vaulting

@parkourindonesia @ahmdhariss","['handstand', 'parkour', 'parkourindonesia', 'vaulting']",107,"['Tjiah', 'serem kaka', 'iya tau', 'Kaka siapa nay? @masayudinahya', 'Pas udah abis rapat ini @nikenurfitaa @febriannadk', 'sok sokan', 'Blm ae jatoh pak', '  ', '0 to ', 'HAH DEMI APA', 'ada apa wul? @wulanhpsri // jatoh hati pak @ptriciairene // cr to the @aca_awadhivan @qyarez wkwk', 'Sixpacknya tutupin zai', 'wow', 'turn back,do flip', 'kok bisa si', 'ajarin dund', 'jimayu @qyarez // ehehehe @tabitharnl', 'ler', 'Congkak', '', '^ciye dikomen siape tu zai. artis', '^ ciye dikomen siape tu zai. artis (2)', 'porno ih keliatan', 'instruktur yoga luar negeri @qyarez', 'Hasil edukasi ppg olahraga?', 'Sedikit @ndapee', 'Sadisslahhh', 'Calon2 yoga nih', 'Kaya tiang', 'g man g @amanda.normanita // ehehe @vaniaoctora', 'kaka yang ituuu zaaii WKWKW', 'b aja ketawanya sii @masayudinahya', 'sick', 'kecengklak aje', 'Fllbck dan', 'Flbck kak', 'Polbk k', 'Gausa pamer perut da bang jai kea bagus aja ;(', 'terserah~@kazizah', 'Followback']"
65,sybarite.man,"Disfrutar de la buena gastronoma en Bogot es muy fcil la Zona G se caracteriza por esa diversidad de restaurantes increibles, puedes disfrutar de una deliciosa comida de mar en @elkilomarisqueria #estilodevida #foodie #buenavida #bogota #luxurylifestyle","['estilodevida', 'foodie', 'buenavida', 'bogota', 'luxurylifestyle']",7,[]
